category,value
Projection-APS,1398644242.8399997
Projection-STEPS,1238634357.4970002
