powertrain,value
BEV,4069283315.001
EV,21696689.039348148
FCEV,37030295.700000286
PHEV,1027788188.0
Publicly available fast,93484562.2000005
Publicly available slow,158709741.50000003
